MONTH_NAME,MONTH_NUM,CALL_TYPE,NETWORK_TYPE,CELL_ID,TOTAL_CALLS,TOTAL_REVENUE,AVG_DURATION,FRAUD_CALLS,ROAMING_CALLS,DROPPED_CALLS
Jan,1,DATA,4G,CELL_00005,67,29.88,717.6,0,3,12
Jan,1,VIDEO,5G,CELL_00003,21,100.83,288.1,1,0,3
Jan,1,DATA,2G,CELL_00004,5,2.78,772.4,0,0,0
Jan,1,SMS,4G,CELL_00001,113,11.50,0.0,0,2,21
Jan,1,SMS,3G,CELL_00002,37,3.70,0.0,0,0,4
Jan,1,VOICE,4G,CELL_00002,250,394.97,187.2,2,6,29
Jan,1,VIDEO,2G,CELL_00004,1,0.73,44.0,0,0,0
Jan,1,VIDEO,3G,CELL_00004,1,2.03,122.0,0,0,1
Jan,1,DATA,5G,CELL_00002,34,18.68,538.2,0,0,9
Jan,1,DATA,4G,CELL_00004,71,34.76,629.8,1,1,9
Jan,1,SMS,3G,CELL_00003,34,3.40,0.0,1,0,6
Jan,1,SMS,5G,CELL_00004,49,5.00,0.0,1,1,4
Jan,1,SMS,3G,CELL_00001,33,3.40,0.0,0,1,7
Jan,1,SMS,5G,CELL_00002,65,6.60,0.0,1,1,5
Jan,1,VIDEO,3G,CELL_00005,6,44.38,443.8,0,0,1
Jan,1,VOICE,2G,CELL_00004,24,51.86,259.3,0,0,3
Jan,1,VIDEO,4G,CELL_00005,27,181.83,391.2,0,2,4
Jan,1,VOICE,5G,CELL_00005,120,204.62,201.8,2,1,15
Jan,1,VOICE,5G,CELL_00002,112,167.57,179.4,0,1,16
Jan,1,SMS,2G,CELL_00001,17,1.80,0.0,0,1,0
Jan,1,SMS,3G,CELL_00005,32,3.30,0.0,1,1,4
Jan,1,SMS,5G,CELL_00001,54,5.40,0.0,0,0,7
Jan,1,VOICE,3G,CELL_00004,73,126.46,199.7,0,3,13
Jan,1,SMS,2G,CELL_00002,12,1.20,0.0,0,0,2
Jan,1,VIDEO,5G,CELL_00002,11,35.25,174.0,0,1,3
Jan,1,VOICE,4G,CELL_00004,247,372.26,179.3,1,3,37
Jan,1,VIDEO,3G,CELL_00002,4,13.38,200.8,0,0,0
Jan,1,VOICE,3G,CELL_00003,73,98.02,155.9,0,2,10
Jan,1,VOICE,4G,CELL_00001,245,366.31,176.1,0,5,42
Jan,1,SMS,4G,CELL_00004,87,8.90,0.0,0,2,14
Jan,1,DATA,2G,CELL_00002,6,3.53,1091.0,0,0,0
Jan,1,VIDEO,4G,CELL_00003,28,96.15,206.0,0,0,6
Jan,1,DATA,2G,CELL_00003,4,3.10,638.5,0,0,1
Jan,1,VIDEO,4G,CELL_00002,26,111.52,256.2,0,1,1
Jan,1,DATA,3G,CELL_00001,12,8.79,710.4,0,1,2
Jan,1,DATA,5G,CELL_00004,37,20.64,805.2,0,3,4
Jan,1,DATA,4G,CELL_00003,82,45.93,576.7,0,5,12
Jan,1,DATA,4G,CELL_00001,78,39.13,589.0,0,1,7
Jan,1,DATA,4G,CELL_00002,81,39.42,719.6,1,1,15
Jan,1,VOICE,3G,CELL_00001,74,105.93,171.8,0,0,11
Jan,1,VOICE,3G,CELL_00005,70,93.30,159.9,0,1,8
Jan,1,SMS,4G,CELL_00005,133,13.30,0.0,0,0,16
Jan,1,DATA,3G,CELL_00005,21,14.71,717.1,0,0,0
Jan,1,SMS,2G,CELL_00003,9,0.90,0.0,0,0,1
Jan,1,SMS,5G,CELL_00005,57,5.70,0.0,1,0,9
Jan,1,VIDEO,5G,CELL_00005,10,42.30,250.8,0,1,0
Jan,1,DATA,5G,CELL_00001,32,18.52,459.1,0,0,3
Jan,1,VOICE,4G,CELL_00003,238,343.25,169.2,0,8,31
Jan,1,DATA,5G,CELL_00005,31,17.26,623.5,0,0,5
Jan,1,SMS,5G,CELL_00003,54,5.40,0.0,0,0,8
Jan,1,VOICE,2G,CELL_00003,17,25.16,177.6,0,0,2
Jan,1,DATA,3G,CELL_00004,26,13.41,603.4,0,2,7
Jan,1,VOICE,5G,CELL_00001,114,187.19,195.8,1,1,20
Jan,1,SMS,3G,CELL_00004,41,4.10,0.0,0,0,3
Jan,1,VOICE,2G,CELL_00005,25,33.64,161.5,0,0,3
Jan,1,VOICE,5G,CELL_00004,135,189.69,167.1,0,1,16
Jan,1,VOICE,2G,CELL_00001,20,40.83,245.0,0,0,4
Jan,1,VIDEO,2G,CELL_00005,3,35.98,719.7,0,0,1
Jan,1,VIDEO,2G,CELL_00001,4,22.48,337.3,0,0,0
Jan,1,SMS,4G,CELL_00002,108,11.20,0.0,0,4,13
Jan,1,VIDEO,4G,CELL_00001,21,93.05,265.9,0,0,5
Jan,1,VOICE,5G,CELL_00003,114,139.67,146.2,0,3,17
Jan,1,VOICE,3G,CELL_00002,91,157.67,201.1,1,5,16
Jan,1,SMS,4G,CELL_00003,111,11.30,0.0,1,2,18
Jan,1,VOICE,4G,CELL_00005,251,358.77,167.0,0,6,31
Jan,1,DATA,2G,CELL_00001,2,0.27,142.5,0,0,0
Jan,1,VIDEO,3G,CELL_00003,5,29.80,357.6,0,0,1
Jan,1,VIDEO,2G,CELL_00003,1,1.62,97.0,0,0,0
Jan,1,DATA,3G,CELL_00002,18,9.30,531.7,1,0,1
Jan,1,VIDEO,3G,CELL_00001,6,22.85,228.5,0,0,0
Jan,1,VIDEO,2G,CELL_00002,2,16.25,487.5,0,0,0
Jan,1,SMS,2G,CELL_00004,5,0.50,0.0,0,0,2
Jan,1,VOICE,2G,CELL_00002,16,16.90,126.8,0,0,1
Jan,1,VIDEO,5G,CELL_00004,7,31.53,270.3,0,0,2
Jan,1,DATA,3G,CELL_00003,18,7.71,648.3,0,0,2
Jan,1,DATA,2G,CELL_00005,4,1.42,190.3,0,0,0
Jan,1,VIDEO,5G,CELL_00001,16,51.08,191.6,0,0,0
Jan,1,SMS,2G,CELL_00005,8,0.80,0.0,1,0,3
Jan,1,VIDEO,4G,CELL_00004,32,190.15,349.1,0,1,3
Jan,1,DATA,5G,CELL_00003,36,18.77,677.7,0,0,6
Feb,2,VIDEO,3G,CELL_00001,4,21.28,319.3,0,0,0
Feb,2,VIDEO,5G,CELL_00005,4,14.67,220.0,0,0,1
Feb,2,SMS,5G,CELL_00002,55,5.60,0.0,0,1,12
Feb,2,VIDEO,4G,CELL_00001,28,203.77,422.0,2,1,2
Feb,2,VIDEO,4G,CELL_00004,19,93.40,294.9,0,0,1
Feb,2,DATA,5G,CELL_00003,22,13.24,524.2,1,0,7
Feb,2,DATA,5G,CELL_00004,28,9.82,669.1,0,0,4
Feb,2,VIDEO,5G,CELL_00004,9,76.75,511.7,0,0,0
Feb,2,SMS,2G,CELL_00003,10,1.00,0.0,0,0,1
Feb,2,DATA,2G,CELL_00001,9,6.91,509.8,0,2,1
Feb,2,SMS,5G,CELL_00001,43,4.30,0.0,0,0,9
Feb,2,DATA,4G,CELL_00004,68,35.16,616.2,0,0,8
Feb,2,SMS,5G,CELL_00004,56,5.60,0.0,1,0,7
Feb,2,DATA,5G,CELL_00005,32,15.63,727.9,0,0,8
Feb,2,VOICE,4G,CELL_00003,230,291.42,150.4,1,4,26
Feb,2,VOICE,4G,CELL_00001,235,375.38,188.9,0,5,35
Feb,2,VIDEO,3G,CELL_00005,11,23.03,125.6,0,0,0
Feb,2,DATA,3G,CELL_00002,17,8.24,546.0,0,0,3
Feb,2,DATA,4G,CELL_00002,75,39.26,548.7,0,1,10
Feb,2,SMS,5G,CELL_00003,39,3.90,0.0,1,0,5
Feb,2,DATA,2G,CELL_00002,11,6.35,823.2,0,1,0
Feb,2,VOICE,3G,CELL_00005,65,75.51,139.4,0,0,11
Feb,2,VIDEO,3G,CELL_00002,4,21.08,316.3,0,0,0
Feb,2,DATA,4G,CELL_00001,62,25.32,771.5,0,0,14
Feb,2,VOICE,3G,CELL_00003,66,75.58,136.9,1,1,9
Feb,2,VOICE,3G,CELL_00004,67,105.69,185.3,0,1,10
Feb,2,SMS,4G,CELL_00005,111,11.50,0.0,0,4,17
Feb,2,DATA,5G,CELL_00002,31,17.25,610.5,2,1,6
Feb,2,VIDEO,4G,CELL_00005,24,136.08,337.8,0,1,5
Feb,2,VOICE,2G,CELL_00001,30,65.78,263.1,0,0,5
Feb,2,SMS,2G,CELL_00004,7,0.70,0.0,0,0,0
Feb,2,DATA,5G,CELL_00001,33,16.94,522.8,0,0,5
Feb,2,VIDEO,2G,CELL_00001,3,13.90,278.0,0,0,0
Feb,2,VOICE,5G,CELL_00003,118,167.62,167.0,0,3,10
Feb,2,VOICE,2G,CELL_00005,20,28.34,170.1,0,0,2
Feb,2,SMS,3G,CELL_00001,31,3.10,0.0,1,0,5
Feb,2,SMS,4G,CELL_00001,120,12.30,0.0,0,3,19
Feb,2,SMS,4G,CELL_00003,129,13.00,0.0,0,1,20
Feb,2,VOICE,5G,CELL_00001,133,211.73,189.4,0,3,24
Feb,2,SMS,3G,CELL_00003,30,3.00,0.0,0,0,4
Feb,2,VOICE,2G,CELL_00002,11,17.48,190.6,0,0,2
Feb,2,VIDEO,3G,CELL_00004,7,26.10,223.7,0,0,0
Feb,2,VIDEO,4G,CELL_00002,23,100.90,263.2,1,0,3
Feb,2,DATA,3G,CELL_00004,17,11.29,330.5,0,0,6
Feb,2,VOICE,4G,CELL_00004,245,342.68,165.0,2,3,35
Feb,2,VIDEO,3G,CELL_00003,7,44.37,356.7,0,1,1
Feb,2,SMS,3G,CELL_00005,23,2.30,0.0,0,0,4
Feb,2,VIDEO,2G,CELL_00002,1,1.07,64.0,0,0,0
Feb,2,VOICE,4G,CELL_00005,247,372.49,179.8,2,2,35
Feb,2,VOICE,2G,CELL_00003,18,30.45,203.0,0,0,1
Feb,2,DATA,3G,CELL_00003,16,9.06,434.6,0,0,3
Feb,2,SMS,2G,CELL_00001,7,0.70,0.0,0,0,3
Feb,2,SMS,5G,CELL_00005,46,4.60,0.0,0,0,8
Feb,2,VOICE,3G,CELL_00002,70,106.96,183.4,0,0,15
Feb,2,DATA,2G,CELL_00003,5,0.64,689.8,0,0,0
Feb,2,VOICE,5G,CELL_00004,108,158.40,176.0,0,0,19
Feb,2,VOICE,5G,CELL_00005,110,190.45,204.5,0,3,14
Feb,2,SMS,4G,CELL_00002,117,11.80,0.0,1,1,12
Feb,2,DATA,4G,CELL_00005,82,41.11,499.0,0,2,8
Feb,2,VOICE,5G,CELL_00002,117,157.38,156.3,1,1,10
Feb,2,VIDEO,2G,CELL_00003,2,2.37,71.0,1,0,1
Feb,2,SMS,4G,CELL_00004,110,11.20,0.0,1,2,17
Feb,2,VIDEO,5G,CELL_00003,8,25.12,188.4,0,0,1
Feb,2,VIDEO,2G,CELL_00005,1,5.15,309.0,0,0,0
Feb,2,DATA,2G,CELL_00004,6,2.43,591.0,0,0,2
Feb,2,DATA,3G,CELL_00005,18,8.44,676.2,0,2,2
Feb,2,DATA,4G,CELL_00003,76,30.76,697.1,1,0,7
Feb,2,SMS,2G,CELL_00002,6,0.60,0.0,0,0,1
Feb,2,SMS,2G,CELL_00005,12,1.20,0.0,0,0,1
Feb,2,VOICE,4G,CELL_00002,241,396.10,192.3,4,4,28
Feb,2,DATA,2G,CELL_00005,4,1.26,500.3,0,0,1
Feb,2,VOICE,2G,CELL_00004,19,30.87,195.0,0,0,3
Feb,2,VIDEO,4G,CELL_00003,34,150.93,258.4,0,1,5
Feb,2,VIDEO,5G,CELL_00002,16,82.30,308.6,0,0,2
Feb,2,VOICE,3G,CELL_00001,69,108.94,189.5,1,0,12
Feb,2,SMS,3G,CELL_00002,28,2.80,0.0,1,0,6
Feb,2,SMS,3G,CELL_00004,24,2.50,0.0,1,1,4
Feb,2,DATA,3G,CELL_00001,11,2.36,205.1,0,0,2
Feb,2,VIDEO,5G,CELL_00001,13,62.88,290.2,0,0,2
Mar,3,VIDEO,5G,CELL_00003,8,77.77,583.3,0,0,2
Mar,3,SMS,2G,CELL_00003,8,0.80,0.0,0,0,2
Mar,3,SMS,2G,CELL_00005,12,1.30,0.0,1,1,1
Mar,3,VIDEO,3G,CELL_00003,6,23.25,215.5,0,1,0
Mar,3,VIDEO,4G,CELL_00001,25,144.85,347.6,0,0,5
Mar,3,VOICE,3G,CELL_00001,77,112.17,174.8,0,0,10
Mar,3,VOICE,3G,CELL_00005,69,128.44,223.4,0,0,13
Mar,3,SMS,2G,CELL_00004,9,0.90,0.0,0,0,1
Mar,3,VIDEO,2G,CELL_00002,2,21.28,638.5,0,0,0
Mar,3,VIDEO,5G,CELL_00004,12,43.00,215.0,0,0,2
Mar,3,VOICE,2G,CELL_00001,25,43.25,207.6,0,0,4
Mar,3,VIDEO,3G,CELL_00005,8,38.57,289.3,0,0,0
Mar,3,SMS,2G,CELL_00001,10,1.00,0.0,1,0,3
Mar,3,DATA,4G,CELL_00003,59,23.65,558.0,0,1,13
Mar,3,VOICE,4G,CELL_00004,250,372.38,176.9,1,5,27
Mar,3,DATA,4G,CELL_00001,73,45.62,583.7,0,2,6
Mar,3,VOICE,4G,CELL_00003,245,384.43,183.4,5,3,39
Mar,3,VOICE,5G,CELL_00005,117,195.01,195.5,0,3,19
Mar,3,DATA,4G,CELL_00002,94,46.68,602.9,0,3,10
Mar,3,VIDEO,5G,CELL_00001,12,28.40,142.0,0,0,4
Mar,3,VOICE,2G,CELL_00002,25,34.89,167.5,0,0,3
Mar,3,DATA,5G,CELL_00001,30,14.98,451.6,0,2,5
Mar,3,DATA,3G,CELL_00004,27,12.17,836.6,0,0,2
Mar,3,VOICE,5G,CELL_00002,103,174.72,193.4,1,2,13
Mar,3,VIDEO,3G,CELL_00004,6,48.07,480.7,0,0,1
Mar,3,SMS,4G,CELL_00005,108,11.00,0.0,1,2,21
Mar,3,VIDEO,4G,CELL_00002,18,84.23,258.9,0,1,1
Mar,3,SMS,5G,CELL_00001,57,5.90,0.0,0,2,17
Mar,3,VOICE,3G,CELL_00004,71,113.75,190.9,0,1,13
Mar,3,DATA,3G,CELL_00003,19,12.89,465.6,0,1,6
Mar,3,VOICE,2G,CELL_00003,24,36.96,184.8,0,0,6
Mar,3,VIDEO,4G,CELL_00003,21,71.62,202.9,0,1,0
Mar,3,SMS,4G,CELL_00001,95,9.50,0.0,0,0,13
Mar,3,DATA,2G,CELL_00002,5,3.04,664.6,0,0,1
Mar,3,SMS,3G,CELL_00004,31,3.10,0.0,0,0,3
Mar,3,VOICE,2G,CELL_00005,20,28.14,168.9,0,0,4
Mar,3,SMS,3G,CELL_00002,30,3.10,0.0,0,1,2
Mar,3,SMS,5G,CELL_00002,33,3.40,0.0,0,1,3
Mar,3,DATA,3G,CELL_00005,21,6.30,887.6,0,0,2
Mar,3,VIDEO,3G,CELL_00001,2,5.17,155.0,0,0,0
Mar,3,VOICE,4G,CELL_00002,246,417.10,197.6,0,7,36
Mar,3,VOICE,5G,CELL_00004,128,195.98,179.2,0,4,21
Mar,3,VIDEO,2G,CELL_00004,2,1.42,42.5,0,0,1
Mar,3,DATA,4G,CELL_00004,75,42.14,630.4,1,2,10
Mar,3,VIDEO,2G,CELL_00005,3,6.30,126.0,0,0,0
Mar,3,VOICE,5G,CELL_00003,116,162.23,162.7,1,4,19
Mar,3,DATA,3G,CELL_00002,16,5.41,547.2,0,0,0
Mar,3,SMS,4G,CELL_00003,103,10.40,0.0,1,1,12
Mar,3,DATA,5G,CELL_00003,40,16.59,481.5,0,0,6
Mar,3,SMS,5G,CELL_00003,59,6.20,0.0,1,3,8
Mar,3,VIDEO,5G,CELL_00002,12,34.23,171.2,0,0,3
Mar,3,VOICE,4G,CELL_00001,275,421.66,182.2,2,3,45
Mar,3,SMS,5G,CELL_00004,59,5.90,0.0,0,0,10
Mar,3,DATA,2G,CELL_00003,4,2.76,375.8,0,0,1
Mar,3,DATA,5G,CELL_00004,30,12.54,716.0,0,2,4
Mar,3,VOICE,4G,CELL_00005,273,406.93,174.5,2,7,35
Mar,3,VOICE,2G,CELL_00004,24,36.22,181.1,0,0,2
Mar,3,DATA,5G,CELL_00005,32,20.11,535.5,1,1,6
Mar,3,VIDEO,3G,CELL_00002,4,16.03,240.5,0,0,1
Mar,3,VOICE,5G,CELL_00001,122,177.42,168.9,0,4,10
Mar,3,SMS,3G,CELL_00001,30,3.00,0.0,0,0,2
Mar,3,VIDEO,5G,CELL_00005,10,52.17,279.3,0,1,1
Mar,3,VIDEO,4G,CELL_00005,20,97.23,291.7,0,0,4
Mar,3,SMS,4G,CELL_00004,114,11.60,0.0,0,2,17
Mar,3,SMS,3G,CELL_00003,30,3.00,0.0,0,0,5
Mar,3,DATA,2G,CELL_00001,12,6.97,335.8,1,0,1
Mar,3,SMS,3G,CELL_00005,35,3.60,0.0,0,1,5
Mar,3,DATA,2G,CELL_00005,6,4.14,370.3,0,0,1
Mar,3,VIDEO,2G,CELL_00001,4,35.83,537.5,0,0,2
Mar,3,VIDEO,4G,CELL_00004,22,89.80,244.9,0,0,1
Mar,3,SMS,5G,CELL_00005,48,4.90,0.0,0,1,4
Mar,3,VOICE,3G,CELL_00002,72,97.35,160.0,0,3,17
Mar,3,VOICE,3G,CELL_00003,76,104.42,160.2,0,4,18
Mar,3,DATA,5G,CELL_00002,35,15.95,699.9,0,0,4
Mar,3,DATA,4G,CELL_00005,61,35.41,468.7,0,2,4
Mar,3,DATA,3G,CELL_00001,14,6.66,538.1,0,0,0
Mar,3,SMS,4G,CELL_00002,116,11.70,0.0,0,1,17
Mar,3,SMS,2G,CELL_00002,12,1.20,0.0,0,0,4
Mar,3,DATA,2G,CELL_00004,5,3.12,656.6,0,0,0
Apr,4,DATA,2G,CELL_00004,7,3.04,297.1,0,0,0
Apr,4,SMS,2G,CELL_00002,11,1.10,0.0,0,0,2
Apr,4,DATA,3G,CELL_00003,14,4.71,644.5,0,0,0
Apr,4,DATA,5G,CELL_00001,27,14.99,788.9,0,0,4
Apr,4,VIDEO,3G,CELL_00005,9,37.45,249.7,0,0,1
Apr,4,VIDEO,2G,CELL_00005,4,20.32,304.8,0,0,0
Apr,4,SMS,5G,CELL_00003,43,4.30,0.0,1,0,7
Apr,4,DATA,5G,CELL_00003,23,11.09,865.9,0,1,2
Apr,4,VIDEO,3G,CELL_00003,9,58.17,387.8,0,0,0
Apr,4,SMS,2G,CELL_00005,12,1.40,0.0,0,2,3
Apr,4,VIDEO,5G,CELL_00005,20,72.70,211.4,0,1,4
Apr,4,SMS,2G,CELL_00001,12,1.20,0.0,0,0,1
Apr,4,SMS,4G,CELL_00005,127,12.90,0.0,1,2,15
Apr,4,VOICE,2G,CELL_00004,27,39.22,165.5,0,1,6
Apr,4,VIDEO,4G,CELL_00001,27,105.78,235.1,0,0,4
Apr,4,VOICE,3G,CELL_00001,61,80.68,158.2,0,1,8
Apr,4,DATA,3G,CELL_00005,24,10.69,571.9,0,2,2
Apr,4,VIDEO,3G,CELL_00004,5,21.52,244.8,0,1,0
Apr,4,VOICE,5G,CELL_00005,99,145.27,176.1,0,0,19
Apr,4,VIDEO,2G,CELL_00004,2,6.80,204.0,0,0,0
Apr,4,DATA,4G,CELL_00002,73,38.91,610.5,0,0,8
Apr,4,VOICE,4G,CELL_00004,217,354.73,194.4,0,4,34
Apr,4,DATA,4G,CELL_00004,60,22.45,616.3,0,0,10
Apr,4,VIDEO,5G,CELL_00003,12,71.12,355.6,0,0,3
Apr,4,SMS,3G,CELL_00002,20,2.00,0.0,0,0,6
Apr,4,VOICE,5G,CELL_00004,120,195.13,191.0,1,1,13
Apr,4,SMS,2G,CELL_00003,6,0.70,0.0,0,1,0
Apr,4,VOICE,4G,CELL_00005,245,375.74,181.8,1,5,28
Apr,4,SMS,4G,CELL_00002,106,10.60,0.0,0,0,18
Apr,4,VOICE,3G,CELL_00002,54,88.24,192.0,0,2,4
Apr,4,SMS,5G,CELL_00005,41,4.30,0.0,1,2,6
Apr,4,SMS,5G,CELL_00001,52,5.30,0.0,0,1,9
Apr,4,VOICE,4G,CELL_00003,250,397.48,185.9,2,6,30
Apr,4,SMS,5G,CELL_00002,66,6.60,0.0,0,0,6
Apr,4,VIDEO,2G,CELL_00001,2,20.48,614.5,0,0,1
Apr,4,DATA,2G,CELL_00002,3,1.97,370.7,0,0,0
Apr,4,VOICE,2G,CELL_00005,18,19.85,129.8,0,1,2
Apr,4,VOICE,5G,CELL_00001,105,148.17,165.7,1,3,20
Apr,4,DATA,5G,CELL_00004,31,18.61,589.7,0,0,3
Apr,4,VIDEO,4G,CELL_00002,22,76.85,185.7,0,1,5
Apr,4,DATA,3G,CELL_00001,14,9.24,565.6,0,1,2
Apr,4,SMS,4G,CELL_00003,115,11.70,0.0,1,2,11
Apr,4,VOICE,2G,CELL_00002,17,16.29,115.0,1,0,4
Apr,4,VIDEO,5G,CELL_00001,11,39.10,213.3,0,0,1
Apr,4,VOICE,3G,CELL_00003,83,119.62,172.9,0,1,8
Apr,4,VIDEO,5G,CELL_00002,18,109.45,364.8,0,0,3
Apr,4,DATA,4G,CELL_00005,68,34.22,613.5,0,2,4
Apr,4,DATA,5G,CELL_00002,35,12.54,819.2,0,0,7
Apr,4,VOICE,5G,CELL_00003,128,181.55,165.9,1,3,18
Apr,4,DATA,3G,CELL_00004,19,10.89,881.3,0,0,2
Apr,4,SMS,5G,CELL_00004,52,5.30,0.0,0,1,5
Apr,4,VOICE,4G,CELL_00002,241,339.42,165.2,0,5,38
Apr,4,VOICE,2G,CELL_00001,24,30.82,154.1,0,0,3
Apr,4,VIDEO,2G,CELL_00002,3,24.60,492.0,0,0,1
Apr,4,VIDEO,4G,CELL_00005,21,100.53,287.2,0,0,6
Apr,4,VIDEO,4G,CELL_00003,22,130.35,355.5,0,0,5
Apr,4,VOICE,3G,CELL_00004,59,96.51,195.9,0,1,11
Apr,4,DATA,4G,CELL_00003,82,39.51,406.5,1,2,14
Apr,4,SMS,3G,CELL_00005,34,3.60,0.0,0,2,3
Apr,4,VOICE,4G,CELL_00001,243,383.26,178.7,0,6,28
Apr,4,SMS,3G,CELL_00003,33,3.40,0.0,0,1,8
Apr,4,SMS,4G,CELL_00004,108,11.10,0.0,0,3,17
Apr,4,SMS,2G,CELL_00004,7,0.70,0.0,0,0,0
Apr,4,VIDEO,3G,CELL_00001,4,20.90,313.5,0,0,1
Apr,4,VIDEO,3G,CELL_00002,1,4.18,251.0,0,0,0
Apr,4,VIDEO,5G,CELL_00004,8,28.45,213.4,0,0,1
Apr,4,DATA,2G,CELL_00005,8,2.73,459.9,0,0,0
Apr,4,SMS,3G,CELL_00004,36,3.60,0.0,0,0,7
Apr,4,VIDEO,2G,CELL_00003,3,5.28,105.7,0,0,0
Apr,4,SMS,4G,CELL_00001,119,12.10,0.0,0,2,17
Apr,4,DATA,5G,CELL_00005,30,15.96,752.3,0,1,3
Apr,4,VOICE,3G,CELL_00005,69,112.31,195.3,0,0,11
Apr,4,VOICE,5G,CELL_00002,87,143.84,187.0,0,3,8
Apr,4,DATA,2G,CELL_00003,6,1.28,871.7,0,0,0
Apr,4,SMS,3G,CELL_00001,34,3.40,0.0,1,0,4
Apr,4,DATA,4G,CELL_00001,60,32.31,746.9,0,1,7
Apr,4,DATA,2G,CELL_00001,10,7.14,498.6,0,0,1
Apr,4,DATA,3G,CELL_00002,20,8.19,604.3,0,1,4
Apr,4,VOICE,2G,CELL_00003,26,33.94,156.7,0,0,2
Apr,4,VIDEO,4G,CELL_00004,18,74.30,247.7,0,0,4
May,5,SMS,4G,CELL_00001,125,12.80,0.0,1,3,14
May,5,VIDEO,4G,CELL_00001,26,126.72,292.4,0,0,6
May,5,VIDEO,5G,CELL_00004,3,20.92,418.3,0,0,0
May,5,VOICE,5G,CELL_00004,111,165.74,174.0,1,4,18
May,5,VOICE,4G,CELL_00002,264,461.20,207.4,0,4,38
May,5,SMS,4G,CELL_00002,109,11.00,0.0,0,1,14
May,5,DATA,2G,CELL_00004,3,1.31,1900.7,1,1,0
May,5,VOICE,4G,CELL_00001,258,422.60,196.0,1,2,30
May,5,DATA,5G,CELL_00001,21,14.09,531.5,0,1,2
May,5,VOICE,3G,CELL_00005,68,112.95,197.9,0,1,10
May,5,VIDEO,5G,CELL_00005,14,64.63,277.0,1,0,3
May,5,DATA,2G,CELL_00005,7,3.40,469.0,0,0,2
May,5,VIDEO,5G,CELL_00003,13,74.13,342.2,0,0,1
May,5,VIDEO,4G,CELL_00003,20,110.23,329.2,0,1,1
May,5,VIDEO,2G,CELL_00005,2,5.80,174.0,0,0,0
May,5,SMS,2G,CELL_00002,9,0.90,0.0,0,0,2
May,5,DATA,3G,CELL_00003,23,11.01,598.8,0,1,4
May,5,VOICE,2G,CELL_00003,18,26.26,175.1,1,0,1
May,5,DATA,3G,CELL_00001,19,7.07,691.4,0,0,2
May,5,DATA,5G,CELL_00005,41,17.15,628.7,1,2,8
May,5,VIDEO,3G,CELL_00005,6,36.23,362.3,0,0,1
May,5,SMS,5G,CELL_00002,55,5.60,0.0,0,1,7
May,5,SMS,3G,CELL_00001,30,3.10,0.0,0,1,11
May,5,VOICE,4G,CELL_00005,252,372.42,174.7,1,5,33
May,5,DATA,4G,CELL_00002,74,33.46,603.6,0,2,6
May,5,SMS,4G,CELL_00003,117,12.40,0.0,1,7,26
May,5,DATA,5G,CELL_00002,37,19.94,586.2,0,0,9
May,5,VOICE,3G,CELL_00001,71,110.18,183.2,1,1,8
May,5,VOICE,4G,CELL_00004,261,413.43,185.2,3,6,43
May,5,VOICE,2G,CELL_00002,20,27.23,163.4,0,0,5
May,5,DATA,4G,CELL_00004,81,37.59,555.1,0,1,11
May,5,VOICE,5G,CELL_00005,125,173.97,158.1,0,5,17
May,5,VOICE,4G,CELL_00003,232,364.42,180.6,1,8,32
May,5,VIDEO,2G,CELL_00004,4,11.37,170.5,0,0,0
May,5,VIDEO,5G,CELL_00001,6,48.47,484.7,0,0,0
May,5,DATA,2G,CELL_00003,4,1.82,953.0,0,0,0
May,5,VIDEO,2G,CELL_00001,1,3.63,218.0,0,0,0
May,5,VOICE,5G,CELL_00002,114,181.58,185.4,0,1,19
May,5,VIDEO,3G,CELL_00002,6,25.95,259.5,0,0,0
May,5,VOICE,2G,CELL_00004,21,25.73,142.0,0,1,3
May,5,SMS,2G,CELL_00003,16,1.60,0.0,0,0,2
May,5,VIDEO,3G,CELL_00003,6,38.90,389.0,0,0,1
May,5,VIDEO,4G,CELL_00004,20,123.55,370.7,0,0,2
May,5,VOICE,3G,CELL_00002,73,87.15,143.3,0,0,11
May,5,DATA,4G,CELL_00001,69,38.57,659.8,1,2,15
May,5,DATA,2G,CELL_00002,7,1.70,884.0,0,0,0
May,5,SMS,5G,CELL_00005,51,5.30,0.0,1,2,6
May,5,VIDEO,5G,CELL_00002,16,65.18,244.4,0,0,3
May,5,VIDEO,2G,CELL_00003,2,15.90,477.0,0,0,0
May,5,VOICE,5G,CELL_00001,118,166.74,169.1,1,1,21
May,5,DATA,3G,CELL_00004,18,11.77,878.7,1,0,2
May,5,SMS,4G,CELL_00004,122,12.40,0.0,0,2,11
May,5,VOICE,3G,CELL_00003,71,131.46,222.2,1,0,10
May,5,DATA,2G,CELL_00001,13,8.70,440.8,0,1,1
May,5,VIDEO,4G,CELL_00005,19,95.17,300.5,0,0,3
May,5,DATA,3G,CELL_00005,20,8.32,617.4,0,0,6
May,5,DATA,5G,CELL_00004,22,10.15,932.6,0,0,2
May,5,VOICE,2G,CELL_00001,27,45.22,201.0,0,0,2
May,5,DATA,3G,CELL_00002,16,8.05,688.4,0,0,5
May,5,SMS,2G,CELL_00005,16,1.60,0.0,0,0,3
May,5,VIDEO,3G,CELL_00001,8,24.28,182.1,0,0,1
May,5,VOICE,3G,CELL_00004,69,110.00,191.3,0,0,7
May,5,DATA,4G,CELL_00003,78,31.07,682.7,2,2,16
May,5,SMS,4G,CELL_00005,122,12.30,0.0,1,1,26
May,5,VOICE,5G,CELL_00003,125,147.08,141.1,0,1,9
May,5,VIDEO,4G,CELL_00002,14,85.13,364.9,0,0,2
May,5,SMS,3G,CELL_00002,24,2.40,0.0,0,0,6
May,5,SMS,5G,CELL_00004,63,6.30,0.0,1,0,9
May,5,DATA,5G,CELL_00003,41,16.29,780.0,0,1,5
May,5,SMS,3G,CELL_00003,31,3.20,0.0,0,1,4
May,5,SMS,5G,CELL_00003,50,5.00,0.0,0,0,9
May,5,SMS,2G,CELL_00001,13,1.40,0.0,0,1,2
May,5,SMS,5G,CELL_00001,47,4.80,0.0,0,1,5
May,5,VIDEO,3G,CELL_00004,8,58.18,436.4,0,0,1
May,5,SMS,3G,CELL_00005,26,2.70,0.0,1,1,4
May,5,VOICE,2G,CELL_00005,31,57.80,218.3,0,1,2
May,5,SMS,3G,CELL_00004,30,3.00,0.0,0,0,3
May,5,DATA,4G,CELL_00005,70,28.59,529.7,0,0,13
May,5,SMS,2G,CELL_00004,13,1.30,0.0,0,0,3
May,5,VIDEO,2G,CELL_00002,4,37.92,568.8,0,0,0
Jun,6,VIDEO,3G,CELL_00002,10,69.00,414.0,1,0,1
Jun,6,VOICE,4G,CELL_00002,257,411.57,189.8,2,4,36
Jun,6,VOICE,3G,CELL_00001,44,47.43,128.8,0,1,9
Jun,6,SMS,2G,CELL_00005,16,1.60,0.0,0,0,8
Jun,6,VOICE,2G,CELL_00001,14,14.53,124.5,0,0,0
Jun,6,VOICE,2G,CELL_00005,32,42.91,147.1,0,2,6
Jun,6,DATA,3G,CELL_00001,13,8.64,589.2,0,1,4
Jun,6,SMS,3G,CELL_00004,32,3.20,0.0,1,0,4
Jun,6,DATA,4G,CELL_00005,65,38.41,642.4,1,0,7
Jun,6,DATA,2G,CELL_00004,2,0.46,636.5,0,0,0
Jun,6,VIDEO,4G,CELL_00005,24,131.48,307.1,0,1,4
Jun,6,DATA,5G,CELL_00001,32,16.68,601.6,0,1,2
Jun,6,VOICE,3G,CELL_00003,64,92.53,172.2,0,1,11
Jun,6,SMS,3G,CELL_00001,19,1.90,0.0,0,0,2
Jun,6,SMS,2G,CELL_00002,7,0.70,0.0,1,0,0
Jun,6,VOICE,4G,CELL_00005,250,423.90,201.2,2,4,49
Jun,6,VIDEO,2G,CELL_00005,1,1.12,67.0,0,0,0
Jun,6,SMS,5G,CELL_00005,52,5.50,0.0,0,3,13
Jun,6,VIDEO,4G,CELL_00001,28,170.50,365.4,0,0,3
Jun,6,DATA,4G,CELL_00001,72,38.62,707.5,0,3,9
Jun,6,DATA,3G,CELL_00002,19,6.28,594.9,0,1,3
Jun,6,VIDEO,3G,CELL_00004,5,20.88,157.2,0,1,0
Jun,6,SMS,2G,CELL_00003,8,0.80,0.0,0,0,1
Jun,6,VOICE,4G,CELL_00004,246,358.60,172.7,1,4,40
Jun,6,SMS,3G,CELL_00005,31,3.10,0.0,0,0,3
Jun,6,DATA,2G,CELL_00002,3,1.30,529.7,0,0,0
Jun,6,VIDEO,3G,CELL_00001,10,56.90,341.4,0,0,2
Jun,6,VOICE,3G,CELL_00004,66,85.58,154.4,0,1,11
Jun,6,SMS,5G,CELL_00001,45,4.50,0.0,0,0,9
Jun,6,SMS,4G,CELL_00005,122,12.30,0.0,2,1,17
Jun,6,VOICE,2G,CELL_00003,28,45.42,191.6,0,1,4
Jun,6,VIDEO,5G,CELL_00005,12,82.05,410.3,0,0,2
Jun,6,SMS,3G,CELL_00002,36,3.70,0.0,0,1,3
Jun,6,SMS,4G,CELL_00004,90,9.00,0.0,1,0,13
Jun,6,VOICE,5G,CELL_00004,121,181.40,176.9,1,2,13
Jun,6,DATA,4G,CELL_00002,80,36.62,517.6,0,0,9
Jun,6,SMS,2G,CELL_00004,12,1.20,0.0,0,0,3
Jun,6,VOICE,2G,CELL_00002,19,23.36,147.5,0,0,2
Jun,6,VIDEO,5G,CELL_00002,13,54.02,249.3,1,0,3
Jun,6,SMS,5G,CELL_00004,54,5.40,0.0,0,0,11
Jun,6,VOICE,4G,CELL_00003,230,356.51,182.7,2,6,38
Jun,6,DATA,3G,CELL_00005,20,10.04,701.2,0,0,2
Jun,6,DATA,5G,CELL_00004,45,23.08,520.3,0,1,7
Jun,6,VOICE,5G,CELL_00003,108,162.57,172.1,2,3,14
Jun,6,SMS,4G,CELL_00002,111,11.50,0.0,0,4,12
Jun,6,SMS,5G,CELL_00003,66,6.70,0.0,1,1,9
Jun,6,VOICE,2G,CELL_00004,16,26.12,195.9,0,0,1
Jun,6,SMS,2G,CELL_00001,7,0.70,0.0,0,0,0
Jun,6,DATA,2G,CELL_00003,4,1.54,753.8,0,0,0
Jun,6,VIDEO,3G,CELL_00003,4,10.43,149.0,0,1,1
Jun,6,VOICE,5G,CELL_00002,112,158.89,170.2,0,0,19
Jun,6,SMS,4G,CELL_00003,123,12.50,0.0,0,2,24
Jun,6,VOICE,3G,CELL_00002,80,82.93,121.2,1,1,10
Jun,6,VIDEO,5G,CELL_00004,6,23.48,234.8,0,0,0
Jun,6,VOICE,5G,CELL_00005,100,152.73,181.5,0,3,16
Jun,6,VOICE,3G,CELL_00005,72,114.65,190.2,0,2,9
Jun,6,VIDEO,5G,CELL_00003,13,65.67,303.1,0,0,0
Jun,6,VIDEO,4G,CELL_00004,24,103.38,255.9,0,1,6
Jun,6,DATA,5G,CELL_00002,27,14.06,395.6,0,2,4
Jun,6,DATA,4G,CELL_00003,68,43.58,621.7,1,2,9
Jun,6,DATA,4G,CELL_00004,65,30.60,647.1,1,2,7
Jun,6,VIDEO,5G,CELL_00001,9,22.88,149.2,0,1,0
Jun,6,VIDEO,3G,CELL_00005,7,28.57,244.9,0,0,1
Jun,6,SMS,5G,CELL_00002,41,4.30,0.0,0,2,5
Jun,6,DATA,3G,CELL_00003,21,10.76,875.0,0,1,5
Jun,6,VOICE,4G,CELL_00001,253,377.14,174.4,3,7,36
Jun,6,DATA,2G,CELL_00001,6,2.60,1454.0,0,0,1
Jun,6,VIDEO,4G,CELL_00002,28,97.83,206.0,0,1,4
Jun,6,DATA,5G,CELL_00003,32,13.00,606.1,0,1,5
Jun,6,DATA,5G,CELL_00005,30,14.30,643.8,0,0,3
Jun,6,DATA,3G,CELL_00004,20,8.44,734.9,0,0,1
Jun,6,VOICE,5G,CELL_00001,134,233.67,208.0,1,1,13
Jun,6,VIDEO,4G,CELL_00003,24,135.17,337.9,0,0,8
Jun,6,SMS,4G,CELL_00001,123,12.60,0.0,0,3,18
Jun,6,SMS,3G,CELL_00003,27,2.80,0.0,1,1,3
Jun,6,DATA,2G,CELL_00005,5,3.86,1113.0,0,0,2
Jul,7,SMS,4G,CELL_00001,122,12.40,0.0,0,2,13
Jul,7,DATA,2G,CELL_00005,6,4.31,1230.0,0,0,0
Jul,7,VIDEO,3G,CELL_00003,5,29.63,355.6,0,0,0
Jul,7,VOICE,4G,CELL_00002,263,371.23,167.1,0,3,34
Jul,7,DATA,5G,CELL_00004,39,21.71,632.7,0,2,7
Jul,7,VOICE,5G,CELL_00001,112,143.18,153.4,0,0,19
Jul,7,VOICE,3G,CELL_00003,69,123.38,202.8,1,5,11
Jul,7,SMS,3G,CELL_00002,39,4.00,0.0,0,1,3
Jul,7,DATA,2G,CELL_00002,10,2.84,1239.5,0,0,1
Jul,7,VIDEO,2G,CELL_00005,6,29.35,293.5,0,0,0
Jul,7,DATA,4G,CELL_00004,79,32.28,549.0,0,4,6
Jul,7,SMS,3G,CELL_00001,41,4.10,0.0,0,0,6
Jul,7,VOICE,5G,CELL_00002,123,217.32,210.0,0,3,15
Jul,7,DATA,4G,CELL_00002,56,29.37,418.7,0,1,8
Jul,7,SMS,3G,CELL_00005,40,4.40,0.0,0,4,6
Jul,7,DATA,5G,CELL_00002,31,9.53,505.8,0,0,6
Jul,7,VOICE,2G,CELL_00005,22,37.90,206.7,0,0,4
Jul,7,DATA,3G,CELL_00005,15,5.02,409.0,0,0,1
Jul,7,VOICE,3G,CELL_00005,60,92.27,182.6,1,1,5
Jul,7,VIDEO,5G,CELL_00004,7,37.02,317.3,0,0,0
Jul,7,VIDEO,2G,CELL_00004,3,10.45,209.0,0,0,1
Jul,7,VIDEO,2G,CELL_00003,2,4.68,140.5,0,0,0
Jul,7,DATA,3G,CELL_00004,24,11.16,442.6,0,0,4
Jul,7,SMS,4G,CELL_00003,136,13.80,0.0,0,2,25
Jul,7,VOICE,3G,CELL_00004,61,83.89,162.5,0,2,6
Jul,7,VOICE,3G,CELL_00002,58,76.97,159.2,1,0,13
Jul,7,DATA,4G,CELL_00001,66,35.65,604.8,1,0,9
Jul,7,VOICE,4G,CELL_00004,244,377.14,182.7,2,4,33
Jul,7,VOICE,2G,CELL_00003,21,31.90,172.6,1,1,5
Jul,7,DATA,5G,CELL_00005,26,12.87,626.1,1,0,4
Jul,7,VIDEO,5G,CELL_00005,13,52.30,241.4,0,0,1
Jul,7,VOICE,5G,CELL_00005,100,141.13,164.5,1,1,14
Jul,7,SMS,4G,CELL_00004,121,12.10,0.0,0,0,16
Jul,7,DATA,2G,CELL_00003,4,1.67,907.0,0,0,1
Jul,7,VIDEO,2G,CELL_00001,2,2.88,86.5,0,0,0
Jul,7,VOICE,4G,CELL_00003,256,370.43,167.2,2,5,44
Jul,7,VIDEO,4G,CELL_00002,24,154.07,362.2,0,1,4
Jul,7,VOICE,4G,CELL_00005,242,395.05,191.5,0,8,30
Jul,7,VOICE,5G,CELL_00004,110,183.28,195.3,0,2,11
Jul,7,VOICE,4G,CELL_00001,265,401.65,181.7,1,1,34
Jul,7,DATA,3G,CELL_00001,16,9.70,949.8,0,1,1
Jul,7,SMS,2G,CELL_00003,13,1.30,0.0,0,0,2
Jul,7,DATA,3G,CELL_00002,13,4.03,557.6,0,0,1
Jul,7,VIDEO,4G,CELL_00004,22,77.05,202.8,0,1,2
Jul,7,SMS,2G,CELL_00004,11,1.20,0.0,0,1,6
Jul,7,VIDEO,3G,CELL_00001,4,19.48,184.5,0,1,0
Jul,7,SMS,4G,CELL_00005,108,11.20,0.0,3,4,13
Jul,7,VIDEO,4G,CELL_00005,25,137.00,301.9,0,1,5
Jul,7,VIDEO,5G,CELL_00002,9,43.90,292.7,0,0,1
Jul,7,DATA,2G,CELL_00004,7,3.45,544.3,0,0,1
Jul,7,SMS,2G,CELL_00005,14,1.40,0.0,0,0,0
Jul,7,SMS,3G,CELL_00004,26,2.70,0.0,0,1,3
Jul,7,SMS,5G,CELL_00003,68,7.10,0.0,0,3,6
Jul,7,VIDEO,3G,CELL_00002,7,76.30,654.0,0,0,1
Jul,7,VOICE,5G,CELL_00003,118,177.95,176.6,1,2,26
Jul,7,VIDEO,3G,CELL_00004,4,32.78,491.8,0,0,0
Jul,7,VOICE,2G,CELL_00002,23,24.77,129.2,0,0,1
Jul,7,DATA,4G,CELL_00003,44,23.20,557.5,0,1,9
Jul,7,VIDEO,5G,CELL_00001,9,30.73,195.0,0,2,2
Jul,7,DATA,3G,CELL_00003,22,14.30,521.2,0,1,4
Jul,7,VOICE,3G,CELL_00001,73,121.32,186.7,0,4,14
Jul,7,SMS,3G,CELL_00003,34,3.40,0.0,0,0,6
Jul,7,SMS,5G,CELL_00004,57,6.00,0.0,0,3,6
Jul,7,SMS,5G,CELL_00001,56,5.80,0.0,0,2,10
Jul,7,DATA,5G,CELL_00003,35,15.83,536.8,0,0,11
Jul,7,SMS,4G,CELL_00002,131,13.50,0.0,0,4,17
Jul,7,VIDEO,2G,CELL_00002,3,20.32,310.7,0,1,1
Jul,7,VOICE,2G,CELL_00001,15,20.18,161.5,1,0,4
Jul,7,VOICE,2G,CELL_00004,24,29.88,136.1,0,1,5
Jul,7,SMS,5G,CELL_00005,53,5.40,0.0,1,1,10
Jul,7,SMS,2G,CELL_00001,10,1.00,0.0,0,0,0
Jul,7,DATA,2G,CELL_00001,7,4.73,267.9,0,1,1
Jul,7,VIDEO,4G,CELL_00003,25,140.20,276.2,0,2,2
Jul,7,DATA,4G,CELL_00005,62,25.83,554.4,0,0,9
Jul,7,VIDEO,4G,CELL_00001,28,169.45,363.1,0,0,6
Jul,7,VIDEO,5G,CELL_00003,14,61.50,263.6,0,0,2
Jul,7,SMS,5G,CELL_00002,30,3.10,0.0,1,1,4
Jul,7,SMS,2G,CELL_00002,9,0.90,0.0,0,0,0
Jul,7,DATA,5G,CELL_00001,29,11.36,731.8,0,2,4
Jul,7,VIDEO,3G,CELL_00005,8,35.48,266.1,1,0,1
Aug,8,DATA,5G,CELL_00005,32,15.28,378.4,0,1,6
Aug,8,VIDEO,4G,CELL_00002,25,101.72,244.1,0,0,5
Aug,8,VIDEO,5G,CELL_00001,13,80.43,365.2,1,1,1
Aug,8,SMS,2G,CELL_00005,3,0.30,0.0,0,0,0
Aug,8,DATA,4G,CELL_00004,71,28.75,621.5,3,1,7
Aug,8,SMS,5G,CELL_00001,43,4.30,0.0,0,0,5
Aug,8,VOICE,5G,CELL_00003,118,162.38,160.7,1,3,17
Aug,8,VIDEO,4G,CELL_00001,26,119.35,255.2,2,1,4
Aug,8,SMS,5G,CELL_00005,59,5.90,0.0,0,0,10
Aug,8,SMS,3G,CELL_00001,38,4.00,0.0,0,2,8
Aug,8,VOICE,4G,CELL_00004,253,417.25,197.5,0,2,37
Aug,8,SMS,5G,CELL_00003,53,5.40,0.0,0,1,4
Aug,8,SMS,3G,CELL_00005,31,3.10,0.0,2,0,3
Aug,8,DATA,5G,CELL_00003,26,15.19,755.6,0,0,2
Aug,8,SMS,3G,CELL_00004,24,2.50,0.0,2,1,0
Aug,8,VOICE,2G,CELL_00004,19,31.93,201.7,0,0,7
Aug,8,VOICE,5G,CELL_00005,105,160.74,181.6,0,1,11
Aug,8,SMS,2G,CELL_00004,11,1.10,0.0,0,0,1
Aug,8,DATA,2G,CELL_00005,4,2.26,404.0,0,0,1
Aug,8,SMS,4G,CELL_00004,124,12.70,0.0,0,3,18
Aug,8,VIDEO,5G,CELL_00005,13,43.73,171.0,1,1,2
Aug,8,SMS,4G,CELL_00003,88,9.00,0.0,0,2,15
Aug,8,VIDEO,5G,CELL_00002,9,91.78,599.7,0,1,0
Aug,8,DATA,3G,CELL_00005,22,9.29,623.6,0,0,3
Aug,8,DATA,3G,CELL_00003,11,5.85,520.3,0,0,1
Aug,8,VIDEO,4G,CELL_00003,27,155.40,345.3,0,0,4
Aug,8,VOICE,4G,CELL_00001,288,467.39,191.5,4,8,43
Aug,8,VOICE,4G,CELL_00005,252,386.23,179.5,3,8,28
Aug,8,VIDEO,3G,CELL_00003,5,15.45,185.4,0,0,0
Aug,8,VOICE,3G,CELL_00001,76,126.33,193.2,0,3,8
Aug,8,SMS,3G,CELL_00002,36,3.60,0.0,1,0,6
Aug,8,VIDEO,5G,CELL_00003,15,65.50,262.0,1,0,2
Aug,8,VIDEO,2G,CELL_00002,2,9.93,298.0,0,0,0
Aug,8,DATA,2G,CELL_00003,8,3.56,862.5,0,0,1
Aug,8,VOICE,2G,CELL_00005,18,30.97,206.4,0,0,4
Aug,8,VIDEO,2G,CELL_00001,4,16.20,243.0,0,0,0
Aug,8,SMS,4G,CELL_00001,98,9.80,0.0,1,0,12
Aug,8,DATA,2G,CELL_00002,8,3.00,829.9,0,0,0
Aug,8,DATA,3G,CELL_00002,19,11.46,581.9,0,0,2
Aug,8,DATA,5G,CELL_00001,33,17.98,691.9,0,1,1
Aug,8,VIDEO,4G,CELL_00005,25,128.62,305.9,0,1,4
Aug,8,VIDEO,3G,CELL_00002,5,15.93,191.2,0,0,1
Aug,8,DATA,5G,CELL_00004,31,15.41,458.6,0,0,5
Aug,8,VIDEO,3G,CELL_00005,10,46.03,276.2,0,0,1
Aug,8,VIDEO,2G,CELL_00005,2,8.23,247.0,0,0,1
Aug,8,SMS,2G,CELL_00003,16,1.60,0.0,0,0,1
Aug,8,DATA,4G,CELL_00005,68,28.40,606.7,0,3,7
Aug,8,SMS,2G,CELL_00002,14,1.40,0.0,0,0,2
Aug,8,VOICE,4G,CELL_00002,218,309.45,168.3,1,4,35
Aug,8,SMS,2G,CELL_00001,12,1.30,0.0,0,1,2
Aug,8,VOICE,2G,CELL_00002,19,20.31,128.3,0,0,1
Aug,8,VOICE,2G,CELL_00001,16,33.39,239.5,0,1,1
Aug,8,VIDEO,3G,CELL_00004,12,64.87,321.0,0,1,2
Aug,8,VOICE,5G,CELL_00001,103,175.98,197.8,2,2,13
Aug,8,DATA,4G,CELL_00001,62,36.18,539.7,1,4,7
Aug,8,VIDEO,3G,CELL_00001,7,55.03,471.7,0,0,1
Aug,8,VIDEO,5G,CELL_00004,7,24.18,207.3,0,0,0
Aug,8,VOICE,3G,CELL_00003,71,114.67,193.8,0,0,16
Aug,8,VOICE,3G,CELL_00002,59,97.21,196.8,1,2,7
Aug,8,SMS,5G,CELL_00004,57,5.90,0.0,0,2,10
Aug,8,DATA,3G,CELL_00001,30,11.93,682.9,0,0,4
Aug,8,SMS,3G,CELL_00003,33,3.30,0.0,0,0,3
Aug,8,VOICE,5G,CELL_00004,104,160.59,181.9,0,2,13
Aug,8,VOICE,3G,CELL_00005,63,97.06,184.9,0,0,13
Aug,8,VOICE,5G,CELL_00002,139,233.48,201.6,2,0,21
Aug,8,VIDEO,4G,CELL_00004,16,89.25,334.7,0,0,2
Aug,8,SMS,5G,CELL_00002,41,4.10,0.0,0,0,12
Aug,8,VOICE,2G,CELL_00003,13,20.58,190.0,0,0,3
Aug,8,DATA,2G,CELL_00004,7,4.12,649.6,0,0,0
Aug,8,VIDEO,2G,CELL_00003,3,6.70,134.0,0,0,0
Aug,8,SMS,4G,CELL_00002,121,12.60,0.0,2,5,19
Aug,8,VOICE,4G,CELL_00003,279,417.65,175.4,1,9,39
Aug,8,DATA,3G,CELL_00004,15,6.96,485.5,0,1,1
Aug,8,DATA,2G,CELL_00001,5,2.87,703.8,0,0,0
Aug,8,VOICE,3G,CELL_00004,60,86.47,173.0,0,0,11
Aug,8,DATA,4G,CELL_00002,76,33.26,582.6,0,0,14
Aug,8,DATA,4G,CELL_00003,63,32.73,701.2,0,1,4
Aug,8,DATA,5G,CELL_00002,32,18.97,579.7,0,1,3
Aug,8,SMS,4G,CELL_00005,104,10.50,0.0,0,1,12
Sep,9,DATA,5G,CELL_00004,35,18.07,520.1,0,0,5
Sep,9,VIDEO,3G,CELL_00003,5,42.32,507.8,0,0,1
Sep,9,SMS,2G,CELL_00003,8,0.80,0.0,0,0,1
Sep,9,SMS,3G,CELL_00002,19,1.90,0.0,0,0,2
Sep,9,VIDEO,4G,CELL_00003,17,72.47,255.8,0,0,4
Sep,9,VOICE,3G,CELL_00001,67,94.82,163.0,0,2,8
Sep,9,SMS,3G,CELL_00005,32,3.30,0.0,0,1,5
Sep,9,DATA,3G,CELL_00004,14,6.03,676.4,0,1,1
Sep,9,DATA,4G,CELL_00002,61,37.47,641.7,0,2,9
Sep,9,VOICE,5G,CELL_00003,124,200.56,192.2,0,1,19
Sep,9,VIDEO,3G,CELL_00005,3,14.62,236.3,0,1,0
Sep,9,SMS,4G,CELL_00004,118,12.00,0.0,0,2,9
Sep,9,VIDEO,4G,CELL_00004,17,62.43,220.4,0,0,4
Sep,9,DATA,5G,CELL_00001,35,15.95,804.5,0,1,4
Sep,9,VOICE,2G,CELL_00005,22,31.76,173.2,0,0,2
Sep,9,DATA,2G,CELL_00005,5,2.86,569.4,0,0,0
Sep,9,DATA,4G,CELL_00004,66,40.03,558.5,1,4,8
Sep,9,VIDEO,4G,CELL_00001,19,133.23,386.8,0,1,4
Sep,9,VIDEO,4G,CELL_00002,24,158.40,396.0,0,0,3
Sep,9,VOICE,3G,CELL_00003,67,100.41,163.7,0,3,9
Sep,9,DATA,5G,CELL_00005,35,15.20,603.0,0,0,4
Sep,9,SMS,5G,CELL_00005,41,4.20,0.0,0,1,4
Sep,9,DATA,5G,CELL_00003,22,8.49,517.7,0,0,2
Sep,9,VOICE,4G,CELL_00001,257,367.65,169.3,0,4,32
Sep,9,VOICE,2G,CELL_00002,22,29.68,161.9,0,0,4
Sep,9,VIDEO,2G,CELL_00004,3,10.98,219.7,0,0,0
Sep,9,SMS,2G,CELL_00001,11,1.20,0.0,0,1,1
Sep,9,VIDEO,5G,CELL_00002,10,48.28,263.3,0,1,2
Sep,9,VIDEO,3G,CELL_00004,10,46.82,280.9,0,0,2
Sep,9,VIDEO,5G,CELL_00004,12,81.55,407.8,0,0,2
Sep,9,DATA,4G,CELL_00001,68,31.02,674.5,0,1,12
Sep,9,VOICE,5G,CELL_00002,95,130.60,161.3,0,1,13
Sep,9,SMS,4G,CELL_00002,104,10.40,0.0,1,0,10
Sep,9,SMS,5G,CELL_00003,56,5.80,0.0,1,2,6
Sep,9,VOICE,2G,CELL_00003,22,30.28,165.2,0,0,4
Sep,9,VOICE,2G,CELL_00004,25,55.77,249.9,0,1,4
Sep,9,VIDEO,2G,CELL_00005,5,14.67,176.0,0,0,2
Sep,9,VIDEO,3G,CELL_00002,4,16.83,252.5,0,0,0
Sep,9,VIDEO,3G,CELL_00001,10,47.78,286.7,1,0,2
Sep,9,VOICE,5G,CELL_00004,102,128.19,146.2,1,2,12
Sep,9,DATA,3G,CELL_00003,19,10.55,563.6,0,0,5
Sep,9,VOICE,4G,CELL_00005,224,347.63,180.4,0,4,37
Sep,9,DATA,4G,CELL_00005,77,40.68,644.8,0,0,12
Sep,9,VOICE,3G,CELL_00004,87,114.98,156.7,1,2,15
Sep,9,VOICE,5G,CELL_00005,112,181.42,191.7,2,1,18
Sep,9,SMS,2G,CELL_00002,12,1.20,0.0,0,0,1
Sep,9,VIDEO,2G,CELL_00003,1,1.00,60.0,0,0,0
Sep,9,DATA,2G,CELL_00002,9,3.99,890.8,0,0,0
Sep,9,DATA,3G,CELL_00005,21,8.05,593.1,0,0,3
Sep,9,VOICE,4G,CELL_00002,240,361.35,175.4,3,6,36
Sep,9,SMS,5G,CELL_00004,60,6.10,0.0,0,1,9
Sep,9,VIDEO,4G,CELL_00005,21,125.78,356.6,0,1,1
Sep,9,VOICE,4G,CELL_00003,261,382.44,170.7,1,6,39
Sep,9,VOICE,3G,CELL_00002,72,109.48,174.8,0,2,12
Sep,9,SMS,4G,CELL_00001,127,13.00,0.0,1,3,10
Sep,9,SMS,3G,CELL_00001,37,3.70,0.0,0,0,4
Sep,9,VIDEO,2G,CELL_00001,2,19.10,573.0,0,0,0
Sep,9,VOICE,5G,CELL_00001,119,171.32,172.7,0,1,14
Sep,9,VIDEO,5G,CELL_00005,9,43.75,275.1,1,1,1
Sep,9,DATA,2G,CELL_00001,4,5.80,777.3,0,0,0
Sep,9,SMS,5G,CELL_00001,47,4.70,0.0,0,0,8
Sep,9,DATA,4G,CELL_00003,63,24.21,511.1,0,1,9
Sep,9,SMS,4G,CELL_00003,117,12.00,0.0,0,3,19
Sep,9,SMS,4G,CELL_00005,111,11.30,0.0,1,2,15
Sep,9,VIDEO,5G,CELL_00001,13,55.87,257.8,0,0,0
Sep,9,DATA,2G,CELL_00004,7,4.90,469.6,0,0,0
Sep,9,DATA,5G,CELL_00002,28,12.87,510.2,0,0,3
Sep,9,SMS,3G,CELL_00003,29,3.10,0.0,0,2,7
Sep,9,SMS,2G,CELL_00004,8,0.80,0.0,0,0,0
Sep,9,SMS,2G,CELL_00005,8,0.80,0.0,0,0,2
Sep,9,VOICE,2G,CELL_00001,16,16.26,121.9,0,0,2
Sep,9,SMS,3G,CELL_00004,23,2.30,0.0,0,0,5
Sep,9,DATA,3G,CELL_00001,20,8.52,596.9,1,0,5
Sep,9,DATA,2G,CELL_00003,4,0.37,213.3,0,0,1
Sep,9,VIDEO,5G,CELL_00003,11,50.48,275.4,0,0,1
Sep,9,VOICE,3G,CELL_00005,63,93.93,175.8,0,1,14
Sep,9,VOICE,4G,CELL_00004,232,390.28,199.4,0,3,26
Sep,9,DATA,3G,CELL_00002,19,10.52,604.8,0,0,2
Sep,9,SMS,5G,CELL_00002,48,5.00,0.0,0,2,7
Oct,10,SMS,2G,CELL_00004,10,1.00,0.0,0,0,2
Oct,10,VIDEO,3G,CELL_00001,4,13.97,209.5,0,0,0
Oct,10,VOICE,5G,CELL_00005,117,188.85,188.1,0,3,13
Oct,10,SMS,5G,CELL_00003,51,5.20,0.0,0,1,5
Oct,10,VOICE,2G,CELL_00004,28,32.17,137.9,0,0,3
Oct,10,VIDEO,5G,CELL_00002,11,38.32,209.0,0,0,2
Oct,10,DATA,5G,CELL_00005,29,17.25,576.3,0,1,7
Oct,10,DATA,2G,CELL_00001,7,4.32,395.6,0,0,0
Oct,10,VIDEO,4G,CELL_00005,25,171.42,396.2,0,1,5
Oct,10,DATA,4G,CELL_00001,60,22.33,609.3,0,0,9
Oct,10,DATA,3G,CELL_00002,20,10.51,384.4,0,1,1
Oct,10,SMS,5G,CELL_00005,43,4.60,0.0,0,3,5
Oct,10,VOICE,5G,CELL_00002,114,175.54,181.0,0,3,18
Oct,10,DATA,5G,CELL_00001,23,14.44,585.0,0,1,4
Oct,10,SMS,3G,CELL_00005,33,3.40,0.0,1,1,6
Oct,10,SMS,3G,CELL_00001,36,3.80,0.0,0,2,6
Oct,10,VIDEO,4G,CELL_00003,28,144.48,255.1,0,2,3
Oct,10,VIDEO,4G,CELL_00002,20,127.70,383.1,0,0,3
Oct,10,VIDEO,2G,CELL_00001,2,2.08,62.5,0,0,2
Oct,10,VIDEO,2G,CELL_00003,1,4.95,297.0,0,0,0
Oct,10,SMS,2G,CELL_00002,16,1.60,0.0,0,0,1
Oct,10,VOICE,2G,CELL_00002,22,52.41,285.9,0,0,4
Oct,10,DATA,3G,CELL_00003,23,13.14,506.0,0,1,4
Oct,10,VOICE,3G,CELL_00005,61,74.37,145.6,0,1,4
Oct,10,VOICE,4G,CELL_00003,252,435.15,204.1,0,4,33
Oct,10,VOICE,3G,CELL_00001,85,134.06,176.2,0,4,15
Oct,10,VOICE,2G,CELL_00003,18,22.18,147.9,0,0,3
Oct,10,SMS,2G,CELL_00003,5,0.50,0.0,0,0,0
Oct,10,VIDEO,3G,CELL_00002,10,58.92,353.5,0,0,0
Oct,10,VIDEO,5G,CELL_00004,5,47.88,391.4,0,1,1
Oct,10,SMS,2G,CELL_00001,12,1.20,0.0,0,0,0
Oct,10,DATA,4G,CELL_00003,66,34.67,545.7,0,2,8
Oct,10,VIDEO,2G,CELL_00004,3,4.48,89.7,0,0,1
Oct,10,VOICE,3G,CELL_00004,69,123.79,210.1,0,3,9
Oct,10,SMS,5G,CELL_00001,56,5.60,0.0,0,0,2
Oct,10,VOICE,3G,CELL_00003,69,98.30,171.0,1,0,13
Oct,10,SMS,2G,CELL_00005,12,1.20,0.0,0,0,5
Oct,10,DATA,2G,CELL_00003,7,4.79,514.3,0,0,1
Oct,10,VIDEO,5G,CELL_00003,9,50.72,338.1,1,0,0
Oct,10,VOICE,4G,CELL_00002,270,374.66,165.4,1,2,41
Oct,10,VIDEO,3G,CELL_00003,5,33.97,407.6,0,0,1
Oct,10,VIDEO,2G,CELL_00002,4,25.02,223.0,0,1,1
Oct,10,VOICE,4G,CELL_00004,283,450.28,187.1,1,7,34
Oct,10,SMS,3G,CELL_00002,25,2.60,0.0,0,1,3
Oct,10,VIDEO,2G,CELL_00005,1,0.70,42.0,0,0,0
Oct,10,VOICE,5G,CELL_00003,99,145.51,176.4,0,0,10
Oct,10,DATA,5G,CELL_00004,27,14.94,689.0,0,1,2
Oct,10,DATA,2G,CELL_00002,6,1.40,664.7,0,0,0
Oct,10,DATA,4G,CELL_00005,64,29.41,594.3,0,1,11
Oct,10,DATA,3G,CELL_00004,17,7.06,425.5,0,0,3
Oct,10,VIDEO,5G,CELL_00005,9,46.65,311.0,0,0,0
Oct,10,DATA,3G,CELL_00005,15,9.80,734.9,0,0,2
Oct,10,VOICE,2G,CELL_00001,24,53.24,242.9,0,1,6
Oct,10,VIDEO,4G,CELL_00004,21,73.92,211.2,0,0,5
Oct,10,SMS,3G,CELL_00004,34,3.40,0.0,0,0,4
Oct,10,DATA,4G,CELL_00002,74,35.82,504.4,0,1,12
Oct,10,DATA,5G,CELL_00002,44,19.62,461.9,0,1,9
Oct,10,VIDEO,5G,CELL_00001,9,40.92,233.3,0,1,0
Oct,10,DATA,2G,CELL_00005,11,4.26,576.1,0,0,3
Oct,10,VIDEO,3G,CELL_00004,5,30.02,360.2,0,0,0
Oct,10,VIDEO,3G,CELL_00005,7,24.57,178.7,0,1,0
Oct,10,SMS,4G,CELL_00001,119,12.50,0.0,0,6,13
Oct,10,VOICE,3G,CELL_00002,75,93.32,149.2,0,1,10
Oct,10,SMS,4G,CELL_00004,124,12.60,0.0,0,2,24
Oct,10,DATA,4G,CELL_00004,79,36.33,616.6,1,4,11
Oct,10,VOICE,5G,CELL_00004,113,167.18,176.7,0,1,22
Oct,10,VOICE,4G,CELL_00001,262,431.57,193.9,0,5,40
Oct,10,VOICE,4G,CELL_00005,232,338.47,173.7,0,4,31
Oct,10,VOICE,5G,CELL_00001,102,160.68,181.4,0,3,13
Oct,10,SMS,4G,CELL_00002,116,12.10,0.0,0,5,16
Oct,10,DATA,3G,CELL_00001,26,12.40,658.9,0,0,2
Oct,10,SMS,4G,CELL_00005,113,11.50,0.0,1,2,23
Oct,10,VOICE,2G,CELL_00005,19,20.78,131.3,0,0,2
Oct,10,SMS,3G,CELL_00003,36,3.80,0.0,0,2,6
Oct,10,DATA,5G,CELL_00003,32,15.44,626.9,0,1,7
Oct,10,SMS,4G,CELL_00003,138,14.30,0.0,0,5,28
Oct,10,DATA,2G,CELL_00004,9,3.47,799.8,0,0,0
Oct,10,VIDEO,4G,CELL_00001,26,137.30,301.4,1,1,5
Oct,10,SMS,5G,CELL_00004,45,4.70,0.0,0,2,8
Oct,10,SMS,5G,CELL_00002,47,4.80,0.0,0,1,7
Nov,11,SMS,3G,CELL_00004,26,2.60,0.0,0,0,2
Nov,11,SMS,5G,CELL_00001,55,5.90,0.0,0,4,4
Nov,11,SMS,3G,CELL_00001,26,2.60,0.0,0,0,6
Nov,11,VOICE,2G,CELL_00005,23,25.41,128.4,0,1,3
Nov,11,VOICE,2G,CELL_00004,21,30.67,175.2,0,0,6
Nov,11,DATA,5G,CELL_00002,26,13.36,824.5,0,1,3
Nov,11,VOICE,4G,CELL_00002,242,377.89,183.5,1,4,45
Nov,11,DATA,3G,CELL_00002,21,8.62,643.5,1,0,1
Nov,11,VIDEO,3G,CELL_00005,5,20.50,246.0,0,0,1
Nov,11,SMS,4G,CELL_00005,126,12.80,0.0,0,2,22
Nov,11,DATA,4G,CELL_00004,52,31.35,654.2,0,1,6
Nov,11,VOICE,2G,CELL_00002,25,27.82,133.5,1,0,1
Nov,11,SMS,2G,CELL_00002,8,0.80,0.0,0,0,2
Nov,11,VOICE,5G,CELL_00002,101,144.51,171.5,0,1,12
Nov,11,VOICE,4G,CELL_00004,236,336.64,168.7,1,5,43
Nov,11,DATA,5G,CELL_00004,42,18.35,553.7,0,0,2
Nov,11,VOICE,4G,CELL_00001,286,427.87,178.8,4,4,45
Nov,11,VIDEO,5G,CELL_00001,11,53.38,291.2,0,0,4
Nov,11,VOICE,3G,CELL_00003,67,134.28,240.5,1,0,9
Nov,11,VOICE,5G,CELL_00003,91,136.18,178.0,3,1,14
Nov,11,SMS,2G,CELL_00003,6,0.60,0.0,0,0,0
Nov,11,SMS,4G,CELL_00001,104,10.60,0.0,0,2,20
Nov,11,VIDEO,2G,CELL_00004,1,17.67,1060.0,0,0,0
Nov,11,SMS,5G,CELL_00005,55,5.50,0.0,0,0,9
Nov,11,VIDEO,2G,CELL_00001,2,5.53,166.0,0,0,0
Nov,11,VIDEO,4G,CELL_00004,32,183.03,319.7,0,1,5
Nov,11,VIDEO,5G,CELL_00004,7,27.85,238.7,0,0,1
Nov,11,VIDEO,4G,CELL_00001,29,110.37,228.3,0,0,7
Nov,11,SMS,3G,CELL_00002,27,2.70,0.0,0,0,3
Nov,11,DATA,2G,CELL_00003,6,2.36,1226.2,0,0,0
Nov,11,DATA,2G,CELL_00002,4,1.41,1226.3,0,1,1
Nov,11,VIDEO,2G,CELL_00002,4,21.03,315.5,0,0,0
Nov,11,SMS,5G,CELL_00003,57,5.80,0.0,0,1,8
Nov,11,VIDEO,4G,CELL_00002,27,145.83,324.1,0,0,3
Nov,11,DATA,3G,CELL_00004,19,9.89,577.6,0,2,2
Nov,11,VIDEO,3G,CELL_00002,7,28.48,244.1,0,0,4
Nov,11,SMS,2G,CELL_00005,11,1.10,0.0,0,0,1
Nov,11,VIDEO,3G,CELL_00001,5,10.05,120.6,0,0,1
Nov,11,DATA,4G,CELL_00001,72,35.29,675.9,3,0,3
Nov,11,SMS,2G,CELL_00004,8,0.80,0.0,0,0,1
Nov,11,VOICE,5G,CELL_00001,115,184.60,190.3,0,3,15
Nov,11,DATA,4G,CELL_00005,80,38.29,677.2,1,3,16
Nov,11,SMS,5G,CELL_00004,54,5.40,0.0,1,0,9
Nov,11,VOICE,5G,CELL_00005,129,206.58,188.9,2,1,18
Nov,11,VOICE,3G,CELL_00001,76,112.25,173.4,1,1,13
Nov,11,DATA,3G,CELL_00005,24,15.82,517.4,0,0,4
Nov,11,DATA,5G,CELL_00001,31,18.43,423.3,0,0,5
Nov,11,VIDEO,3G,CELL_00004,6,10.45,104.5,0,0,1
Nov,11,DATA,4G,CELL_00002,71,30.52,657.7,1,0,10
Nov,11,VOICE,3G,CELL_00004,76,100.07,158.0,0,0,8
Nov,11,VIDEO,4G,CELL_00005,22,94.40,257.5,0,0,6
Nov,11,SMS,3G,CELL_00003,34,3.40,0.0,0,0,2
Nov,11,VOICE,4G,CELL_00003,263,385.01,174.5,2,3,32
Nov,11,VIDEO,5G,CELL_00002,7,32.12,275.3,1,0,1
Nov,11,DATA,3G,CELL_00001,20,12.45,488.6,0,0,0
Nov,11,DATA,5G,CELL_00005,38,18.63,394.9,0,1,6
Nov,11,VIDEO,2G,CELL_00003,3,22.83,456.7,0,0,0
Nov,11,SMS,4G,CELL_00004,100,10.40,0.0,0,4,11
Nov,11,VIDEO,5G,CELL_00003,8,49.02,288.5,0,1,1
Nov,11,DATA,3G,CELL_00003,28,17.86,595.0,0,2,6
Nov,11,SMS,5G,CELL_00002,36,3.60,0.0,0,0,2
Nov,11,DATA,2G,CELL_00005,9,1.95,552.6,0,0,2
Nov,11,DATA,4G,CELL_00003,71,30.53,474.7,0,2,6
Nov,11,VIDEO,4G,CELL_00003,19,68.17,215.3,0,0,5
Nov,11,VOICE,3G,CELL_00002,77,127.85,198.0,0,1,9
Nov,11,SMS,4G,CELL_00002,110,11.10,0.0,1,1,16
Nov,11,DATA,2G,CELL_00004,8,4.04,398.6,0,2,2
Nov,11,VOICE,3G,CELL_00005,82,119.28,172.2,0,1,10
Nov,11,DATA,5G,CELL_00003,26,11.58,645.3,0,0,6
Nov,11,VIDEO,5G,CELL_00005,8,44.12,330.9,0,0,2
Nov,11,SMS,2G,CELL_00001,10,1.10,0.0,0,1,3
Nov,11,DATA,2G,CELL_00001,7,5.00,644.1,0,0,0
Nov,11,VOICE,2G,CELL_00001,24,50.97,240.8,0,1,5
Nov,11,VIDEO,3G,CELL_00003,11,60.83,331.8,0,0,1
Nov,11,VOICE,5G,CELL_00004,130,223.36,195.6,2,5,27
Nov,11,SMS,4G,CELL_00003,132,13.50,0.0,0,3,17
Nov,11,SMS,3G,CELL_00005,33,3.40,0.0,0,1,4
Nov,11,VOICE,4G,CELL_00005,258,372.66,172.2,0,4,31
Nov,11,VOICE,2G,CELL_00003,17,30.20,213.2,0,0,4
Dec,12,SMS,3G,CELL_00005,38,3.80,0.0,0,0,5
Dec,12,DATA,5G,CELL_00002,31,15.91,680.1,0,1,3
Dec,12,VOICE,2G,CELL_00001,23,30.29,151.7,0,1,2
Dec,12,DATA,4G,CELL_00003,61,33.24,483.2,0,1,7
Dec,12,DATA,3G,CELL_00005,19,8.34,510.4,0,0,3
Dec,12,DATA,4G,CELL_00002,78,35.90,533.9,0,0,10
Dec,12,DATA,3G,CELL_00003,16,6.59,525.3,0,1,4
Dec,12,VOICE,4G,CELL_00004,273,421.97,182.6,3,5,41
Dec,12,VOICE,5G,CELL_00005,117,149.51,150.0,1,3,14
Dec,12,DATA,3G,CELL_00001,20,5.87,611.9,0,0,4
Dec,12,VOICE,4G,CELL_00005,248,371.53,176.8,0,6,38
Dec,12,DATA,5G,CELL_00004,25,15.87,528.2,0,0,6
Dec,12,VIDEO,4G,CELL_00005,26,133.13,307.2,0,0,4
Dec,12,VOICE,3G,CELL_00001,58,98.08,200.0,0,1,9
Dec,12,VIDEO,5G,CELL_00001,10,53.68,322.1,0,0,1
Dec,12,SMS,2G,CELL_00003,7,0.70,0.0,0,0,2
Dec,12,VIDEO,3G,CELL_00002,5,36.85,442.2,0,0,1
Dec,12,DATA,2G,CELL_00001,9,5.02,503.6,0,0,2
Dec,12,DATA,2G,CELL_00002,8,5.16,427.8,0,0,1
Dec,12,SMS,5G,CELL_00001,47,4.70,0.0,1,0,6
Dec,12,VIDEO,3G,CELL_00005,6,36.38,257.8,0,1,2
Dec,12,VOICE,2G,CELL_00003,20,25.25,151.5,0,0,3
Dec,12,VIDEO,5G,CELL_00004,13,58.53,270.2,0,0,1
Dec,12,DATA,2G,CELL_00003,6,2.65,449.3,0,0,0
Dec,12,SMS,4G,CELL_00005,120,12.30,0.0,0,3,15
Dec,12,SMS,2G,CELL_00001,2,0.20,0.0,0,0,1
Dec,12,VIDEO,3G,CELL_00003,15,80.83,323.3,0,0,1
Dec,12,DATA,5G,CELL_00001,31,17.13,680.9,0,0,6
Dec,12,SMS,5G,CELL_00003,47,4.70,0.0,0,0,3
Dec,12,VOICE,2G,CELL_00002,21,21.00,118.5,0,1,5
Dec,12,VIDEO,4G,CELL_00003,22,96.53,263.3,0,0,1
Dec,12,VIDEO,2G,CELL_00005,1,1.77,106.0,0,0,0
Dec,12,DATA,3G,CELL_00004,12,5.52,693.5,0,0,1
Dec,12,SMS,3G,CELL_00004,38,3.80,0.0,0,0,3
Dec,12,VOICE,3G,CELL_00002,64,93.87,176.0,0,0,8
Dec,12,VIDEO,2G,CELL_00002,2,7.20,216.0,0,0,0
Dec,12,SMS,4G,CELL_00001,124,12.40,0.0,0,0,19
Dec,12,SMS,4G,CELL_00002,96,9.90,0.0,0,3,12
Dec,12,SMS,4G,CELL_00004,124,12.70,0.0,2,3,22
Dec,12,VOICE,4G,CELL_00003,282,394.96,163.3,1,6,52
Dec,12,VOICE,4G,CELL_00002,232,343.58,173.4,0,4,47
Dec,12,VOICE,5G,CELL_00004,127,195.03,179.3,2,4,24
Dec,12,SMS,2G,CELL_00005,14,1.40,0.0,0,0,2
Dec,12,DATA,4G,CELL_00005,66,35.67,691.6,0,2,8
Dec,12,DATA,4G,CELL_00001,74,32.24,706.6,1,1,11
Dec,12,DATA,2G,CELL_00005,5,1.96,760.8,0,0,0
Dec,12,DATA,3G,CELL_00002,23,11.14,540.2,0,0,4
Dec,12,VOICE,3G,CELL_00004,76,118.80,186.5,2,1,10
Dec,12,SMS,5G,CELL_00004,38,3.80,0.0,0,0,7
Dec,12,VOICE,2G,CELL_00005,28,39.43,169.0,0,0,3
Dec,12,VOICE,5G,CELL_00002,120,164.68,163.6,0,2,20
Dec,12,VIDEO,5G,CELL_00005,8,30.73,230.5,0,0,2
Dec,12,SMS,4G,CELL_00003,128,13.00,0.0,0,2,16
Dec,12,VOICE,4G,CELL_00001,264,381.20,170.5,0,5,29
Dec,12,VIDEO,5G,CELL_00002,4,11.37,170.5,0,0,0
Dec,12,SMS,5G,CELL_00005,55,5.60,0.0,0,1,8
Dec,12,VOICE,2G,CELL_00004,26,31.20,144.0,0,0,1
Dec,12,DATA,5G,CELL_00005,31,16.04,645.3,0,1,4
Dec,12,SMS,3G,CELL_00002,27,2.70,0.0,0,0,4
Dec,12,VIDEO,4G,CELL_00002,24,170.63,398.5,0,1,4
Dec,12,VOICE,3G,CELL_00005,59,97.34,188.3,1,3,7
Dec,12,SMS,2G,CELL_00004,13,1.30,0.0,0,0,1
Dec,12,VIDEO,4G,CELL_00004,22,84.02,229.1,0,0,3
Dec,12,SMS,3G,CELL_00001,37,3.70,0.0,0,0,6
Dec,12,SMS,5G,CELL_00002,37,3.70,0.0,0,0,5
Dec,12,DATA,4G,CELL_00004,75,37.11,711.5,0,1,10
Dec,12,VIDEO,5G,CELL_00003,9,56.52,376.8,0,0,0
Dec,12,VIDEO,3G,CELL_00001,4,7.62,114.3,0,0,2
Dec,12,VOICE,3G,CELL_00003,64,101.85,186.9,0,3,11
Dec,12,VOICE,5G,CELL_00001,118,203.82,197.5,2,3,13
Dec,12,VIDEO,4G,CELL_00001,11,69.18,356.7,0,1,0
Dec,12,DATA,5G,CELL_00003,36,19.08,579.8,0,0,5
Dec,12,VOICE,5G,CELL_00003,137,208.14,168.7,2,6,16
Dec,12,VIDEO,3G,CELL_00004,6,36.62,366.2,0,0,2
Dec,12,SMS,2G,CELL_00002,16,1.70,0.0,0,1,1
Dec,12,DATA,2G,CELL_00004,6,2.54,1075.2,0,0,2
Dec,12,SMS,3G,CELL_00003,32,3.20,0.0,0,0,5
